zip_code,median_sale_price,price_change_pct_12mo,homes_sold,inventory,insights_generated_at,latest_insights
33010,572500.0,4.7,36.0,50.0,2026-07-21T14:48:31.122972+00:00,"Here are 3-4 concise, natural language insights about pricing trends across these Miami metro zip codes:

* The median sale price in most Miami metro zip codes has increased significantly over the past year, with some areas seeing growth of over 200%, such as zip code 33128 (232.5%).
* Luxury markets like Coral Gables (33134) and Coconut Grove (33133) have seen strong price appreciation, while more affordable neighborhoods like Hialeah (33010) and Opa-Locka (33037) have also seen moderate growth.
* A small number of zip codes, including 33255 and 33247, have seen relatively slow or even declining median sale prices over the past year, which could indicate market saturation or other underlying issues.
* The Miami metro area as a whole has shown robust demand, with many areas experiencing low inventory levels; however, this trend may be starting to shift in some neighborhoods, such as Hialeah (33010) and Opa-Locka (33037), where inventory is increasing."
33011,340000.0,70.0,1.0,,2026-07-21T14:48:31.122972+00:00,"Here are 3-4 concise, natural language insights about pricing trends across these Miami metro zip codes:

* The median sale price in most Miami metro zip codes has increased significantly over the past year, with some areas seeing growth of over 200%, such as zip code 33128 (232.5%).
* Luxury markets like Coral Gables (33134) and Coconut Grove (33133) have seen strong price appreciation, while more affordable neighborhoods like Hialeah (33010) and Opa-Locka (33037) have also seen moderate growth.
* A small number of zip codes, including 33255 and 33247, have seen relatively slow or even declining median sale prices over the past year, which could indicate market saturation or other underlying issues.
* The Miami metro area as a whole has shown robust demand, with many areas experiencing low inventory levels; however, this trend may be starting to shift in some neighborhoods, such as Hialeah (33010) and Opa-Locka (33037), where inventory is increasing."
33012,557500.0,71.5,76.0,136.0,2026-07-21T14:48:31.122972+00:00,"Here are 3-4 concise, natural language insights about pricing trends across these Miami metro zip codes:

* The median sale price in most Miami metro zip codes has increased significantly over the past year, with some areas seeing growth of over 200%, such as zip code 33128 (232.5%).
* Luxury markets like Coral Gables (33134) and Coconut Grove (33133) have seen strong price appreciation, while more affordable neighborhoods like Hialeah (33010) and Opa-Locka (33037) have also seen moderate growth.
* A small number of zip codes, including 33255 and 33247, have seen relatively slow or even declining median sale prices over the past year, which could indicate market saturation or other underlying issues.
* The Miami metro area as a whole has shown robust demand, with many areas experiencing low inventory levels; however, this trend may be starting to shift in some neighborhoods, such as Hialeah (33010) and Opa-Locka (33037), where inventory is increasing."
33013,595000.0,4.8,43.0,64.0,2026-07-21T14:48:31.122972+00:00,"Here are 3-4 concise, natural language insights about pricing trends across these Miami metro zip codes:

* The median sale price in most Miami metro zip codes has increased significantly over the past year, with some areas seeing growth of over 200%, such as zip code 33128 (232.5%).
* Luxury markets like Coral Gables (33134) and Coconut Grove (33133) have seen strong price appreciation, while more affordable neighborhoods like Hialeah (33010) and Opa-Locka (33037) have also seen moderate growth.
* A small number of zip codes, including 33255 and 33247, have seen relatively slow or even declining median sale prices over the past year, which could indicate market saturation or other underlying issues.
* The Miami metro area as a whole has shown robust demand, with many areas experiencing low inventory levels; however, this trend may be starting to shift in some neighborhoods, such as Hialeah (33010) and Opa-Locka (33037), where inventory is increasing."
33014,485000.0,6.6,59.0,82.0,2026-07-21T14:48:31.122972+00:00,"Here are 3-4 concise, natural language insights about pricing trends across these Miami metro zip codes:

* The median sale price in most Miami metro zip codes has increased significantly over the past year, with some areas seeing growth of over 200%, such as zip code 33128 (232.5%).
* Luxury markets like Coral Gables (33134) and Coconut Grove (33133) have seen strong price appreciation, while more affordable neighborhoods like Hialeah (33010) and Opa-Locka (33037) have also seen moderate growth.
* A small number of zip codes, including 33255 and 33247, have seen relatively slow or even declining median sale prices over the past year, which could indicate market saturation or other underlying issues.
* The Miami metro area as a whole has shown robust demand, with many areas experiencing low inventory levels; however, this trend may be starting to shift in some neighborhoods, such as Hialeah (33010) and Opa-Locka (33037), where inventory is increasing."
33015,436500.0,-6.1,104.0,177.0,2026-07-21T14:48:31.122972+00:00,"Here are 3-4 concise, natural language insights about pricing trends across these Miami metro zip codes:

* The median sale price in most Miami metro zip codes has increased significantly over the past year, with some areas seeing growth of over 200%, such as zip code 33128 (232.5%).
* Luxury markets like Coral Gables (33134) and Coconut Grove (33133) have seen strong price appreciation, while more affordable neighborhoods like Hialeah (33010) and Opa-Locka (33037) have also seen moderate growth.
* A small number of zip codes, including 33255 and 33247, have seen relatively slow or even declining median sale prices over the past year, which could indicate market saturation or other underlying issues.
* The Miami metro area as a whole has shown robust demand, with many areas experiencing low inventory levels; however, this trend may be starting to shift in some neighborhoods, such as Hialeah (33010) and Opa-Locka (33037), where inventory is increasing."
33016,390750.0,4.9,78.0,101.0,2026-07-21T14:48:31.122972+00:00,"Here are 3-4 concise, natural language insights about pricing trends across these Miami metro zip codes:

* The median sale price in most Miami metro zip codes has increased significantly over the past year, with some areas seeing growth of over 200%, such as zip code 33128 (232.5%).
* Luxury markets like Coral Gables (33134) and Coconut Grove (33133) have seen strong price appreciation, while more affordable neighborhoods like Hialeah (33010) and Opa-Locka (33037) have also seen moderate growth.
* A small number of zip codes, including 33255 and 33247, have seen relatively slow or even declining median sale prices over the past year, which could indicate market saturation or other underlying issues.
* The Miami metro area as a whole has shown robust demand, with many areas experiencing low inventory levels; however, this trend may be starting to shift in some neighborhoods, such as Hialeah (33010) and Opa-Locka (33037), where inventory is increasing."
33017,195000.0,0.0,1.0,,2026-07-21T14:48:31.122972+00:00,"Here are 3-4 concise, natural language insights about pricing trends across these Miami metro zip codes:

* The median sale price in most Miami metro zip codes has increased significantly over the past year, with some areas seeing growth of over 200%, such as zip code 33128 (232.5%).
* Luxury markets like Coral Gables (33134) and Coconut Grove (33133) have seen strong price appreciation, while more affordable neighborhoods like Hialeah (33010) and Opa-Locka (33037) have also seen moderate growth.
* A small number of zip codes, including 33255 and 33247, have seen relatively slow or even declining median sale prices over the past year, which could indicate market saturation or other underlying issues.
* The Miami metro area as a whole has shown robust demand, with many areas experiencing low inventory levels; however, this trend may be starting to shift in some neighborhoods, such as Hialeah (33010) and Opa-Locka (33037), where inventory is increasing."
33018,547450.0,1.4,110.0,138.0,2026-07-21T14:48:31.122972+00:00,"Here are 3-4 concise, natural language insights about pricing trends across these Miami metro zip codes:

* The median sale price in most Miami metro zip codes has increased significantly over the past year, with some areas seeing growth of over 200%, such as zip code 33128 (232.5%).
* Luxury markets like Coral Gables (33134) and Coconut Grove (33133) have seen strong price appreciation, while more affordable neighborhoods like Hialeah (33010) and Opa-Locka (33037) have also seen moderate growth.
* A small number of zip codes, including 33255 and 33247, have seen relatively slow or even declining median sale prices over the past year, which could indicate market saturation or other underlying issues.
* The Miami metro area as a whole has shown robust demand, with many areas experiencing low inventory levels; however, this trend may be starting to shift in some neighborhoods, such as Hialeah (33010) and Opa-Locka (33037), where inventory is increasing."
33030,545500.0,-0.8,84.0,164.0,2026-07-21T14:48:31.122972+00:00,"Here are 3-4 concise, natural language insights about pricing trends across these Miami metro zip codes:

* The median sale price in most Miami metro zip codes has increased significantly over the past year, with some areas seeing growth of over 200%, such as zip code 33128 (232.5%).
* Luxury markets like Coral Gables (33134) and Coconut Grove (33133) have seen strong price appreciation, while more affordable neighborhoods like Hialeah (33010) and Opa-Locka (33037) have also seen moderate growth.
* A small number of zip codes, including 33255 and 33247, have seen relatively slow or even declining median sale prices over the past year, which could indicate market saturation or other underlying issues.
* The Miami metro area as a whole has shown robust demand, with many areas experiencing low inventory levels; however, this trend may be starting to shift in some neighborhoods, such as Hialeah (33010) and Opa-Locka (33037), where inventory is increasing."
33031,1100000.0,27.2,23.0,52.0,2026-07-21T14:48:31.122972+00:00,"Here are 3-4 concise, natural language insights about pricing trends across these Miami metro zip codes:

* The median sale price in most Miami metro zip codes has increased significantly over the past year, with some areas seeing growth of over 200%, such as zip code 33128 (232.5%).
* Luxury markets like Coral Gables (33134) and Coconut Grove (33133) have seen strong price appreciation, while more affordable neighborhoods like Hialeah (33010) and Opa-Locka (33037) have also seen moderate growth.
* A small number of zip codes, including 33255 and 33247, have seen relatively slow or even declining median sale prices over the past year, which could indicate market saturation or other underlying issues.
* The Miami metro area as a whole has shown robust demand, with many areas experiencing low inventory levels; however, this trend may be starting to shift in some neighborhoods, such as Hialeah (33010) and Opa-Locka (33037), where inventory is increasing."
33032,479500.0,-7.8,150.0,338.0,2026-07-21T14:48:31.122972+00:00,"Here are 3-4 concise, natural language insights about pricing trends across these Miami metro zip codes:

* The median sale price in most Miami metro zip codes has increased significantly over the past year, with some areas seeing growth of over 200%, such as zip code 33128 (232.5%).
* Luxury markets like Coral Gables (33134) and Coconut Grove (33133) have seen strong price appreciation, while more affordable neighborhoods like Hialeah (33010) and Opa-Locka (33037) have also seen moderate growth.
* A small number of zip codes, including 33255 and 33247, have seen relatively slow or even declining median sale prices over the past year, which could indicate market saturation or other underlying issues.
* The Miami metro area as a whole has shown robust demand, with many areas experiencing low inventory levels; however, this trend may be starting to shift in some neighborhoods, such as Hialeah (33010) and Opa-Locka (33037), where inventory is increasing."
33033,471000.0,-2.9,210.0,421.0,2026-07-21T14:48:31.122972+00:00,"Here are 3-4 concise, natural language insights about pricing trends across these Miami metro zip codes:

* The median sale price in most Miami metro zip codes has increased significantly over the past year, with some areas seeing growth of over 200%, such as zip code 33128 (232.5%).
* Luxury markets like Coral Gables (33134) and Coconut Grove (33133) have seen strong price appreciation, while more affordable neighborhoods like Hialeah (33010) and Opa-Locka (33037) have also seen moderate growth.
* A small number of zip codes, including 33255 and 33247, have seen relatively slow or even declining median sale prices over the past year, which could indicate market saturation or other underlying issues.
* The Miami metro area as a whole has shown robust demand, with many areas experiencing low inventory levels; however, this trend may be starting to shift in some neighborhoods, such as Hialeah (33010) and Opa-Locka (33037), where inventory is increasing."
33034,385500.0,-3.4,77.0,211.0,2026-07-21T14:48:31.122972+00:00,"Here are 3-4 concise, natural language insights about pricing trends across these Miami metro zip codes:

* The median sale price in most Miami metro zip codes has increased significantly over the past year, with some areas seeing growth of over 200%, such as zip code 33128 (232.5%).
* Luxury markets like Coral Gables (33134) and Coconut Grove (33133) have seen strong price appreciation, while more affordable neighborhoods like Hialeah (33010) and Opa-Locka (33037) have also seen moderate growth.
* A small number of zip codes, including 33255 and 33247, have seen relatively slow or even declining median sale prices over the past year, which could indicate market saturation or other underlying issues.
* The Miami metro area as a whole has shown robust demand, with many areas experiencing low inventory levels; however, this trend may be starting to shift in some neighborhoods, such as Hialeah (33010) and Opa-Locka (33037), where inventory is increasing."
33035,339950.0,-12.2,64.0,257.0,2026-07-21T14:48:31.122972+00:00,"Here are 3-4 concise, natural language insights about pricing trends across these Miami metro zip codes:

* The median sale price in most Miami metro zip codes has increased significantly over the past year, with some areas seeing growth of over 200%, such as zip code 33128 (232.5%).
* Luxury markets like Coral Gables (33134) and Coconut Grove (33133) have seen strong price appreciation, while more affordable neighborhoods like Hialeah (33010) and Opa-Locka (33037) have also seen moderate growth.
* A small number of zip codes, including 33255 and 33247, have seen relatively slow or even declining median sale prices over the past year, which could indicate market saturation or other underlying issues.
* The Miami metro area as a whole has shown robust demand, with many areas experiencing low inventory levels; however, this trend may be starting to shift in some neighborhoods, such as Hialeah (33010) and Opa-Locka (33037), where inventory is increasing."
33054,455000.0,3.4,68.0,75.0,2026-07-21T14:48:31.122972+00:00,"Here are 3-4 concise, natural language insights about pricing trends across these Miami metro zip codes:

* The median sale price in most Miami metro zip codes has increased significantly over the past year, with some areas seeing growth of over 200%, such as zip code 33128 (232.5%).
* Luxury markets like Coral Gables (33134) and Coconut Grove (33133) have seen strong price appreciation, while more affordable neighborhoods like Hialeah (33010) and Opa-Locka (33037) have also seen moderate growth.
* A small number of zip codes, including 33255 and 33247, have seen relatively slow or even declining median sale prices over the past year, which could indicate market saturation or other underlying issues.
* The Miami metro area as a whole has shown robust demand, with many areas experiencing low inventory levels; however, this trend may be starting to shift in some neighborhoods, such as Hialeah (33010) and Opa-Locka (33037), where inventory is increasing."
33055,513000.0,-3.2,71.0,54.0,2026-07-21T14:48:31.122972+00:00,"Here are 3-4 concise, natural language insights about pricing trends across these Miami metro zip codes:

* The median sale price in most Miami metro zip codes has increased significantly over the past year, with some areas seeing growth of over 200%, such as zip code 33128 (232.5%).
* Luxury markets like Coral Gables (33134) and Coconut Grove (33133) have seen strong price appreciation, while more affordable neighborhoods like Hialeah (33010) and Opa-Locka (33037) have also seen moderate growth.
* A small number of zip codes, including 33255 and 33247, have seen relatively slow or even declining median sale prices over the past year, which could indicate market saturation or other underlying issues.
* The Miami metro area as a whole has shown robust demand, with many areas experiencing low inventory levels; however, this trend may be starting to shift in some neighborhoods, such as Hialeah (33010) and Opa-Locka (33037), where inventory is increasing."
33056,470000.0,-6.0,76.0,63.0,2026-07-21T14:48:31.122972+00:00,"Here are 3-4 concise, natural language insights about pricing trends across these Miami metro zip codes:

* The median sale price in most Miami metro zip codes has increased significantly over the past year, with some areas seeing growth of over 200%, such as zip code 33128 (232.5%).
* Luxury markets like Coral Gables (33134) and Coconut Grove (33133) have seen strong price appreciation, while more affordable neighborhoods like Hialeah (33010) and Opa-Locka (33037) have also seen moderate growth.
* A small number of zip codes, including 33255 and 33247, have seen relatively slow or even declining median sale prices over the past year, which could indicate market saturation or other underlying issues.
* The Miami metro area as a whole has shown robust demand, with many areas experiencing low inventory levels; however, this trend may be starting to shift in some neighborhoods, such as Hialeah (33010) and Opa-Locka (33037), where inventory is increasing."
33106,785000.0,12.1,1.0,,2026-07-21T14:48:31.122972+00:00,"Here are 3-4 concise, natural language insights about pricing trends across these Miami metro zip codes:

* The median sale price in most Miami metro zip codes has increased significantly over the past year, with some areas seeing growth of over 200%, such as zip code 33128 (232.5%).
* Luxury markets like Coral Gables (33134) and Coconut Grove (33133) have seen strong price appreciation, while more affordable neighborhoods like Hialeah (33010) and Opa-Locka (33037) have also seen moderate growth.
* A small number of zip codes, including 33255 and 33247, have seen relatively slow or even declining median sale prices over the past year, which could indicate market saturation or other underlying issues.
* The Miami metro area as a whole has shown robust demand, with many areas experiencing low inventory levels; however, this trend may be starting to shift in some neighborhoods, such as Hialeah (33010) and Opa-Locka (33037), where inventory is increasing."
33109,9268750.0,25.3,10.0,28.0,2026-07-21T14:48:31.122972+00:00,"Here are 3-4 concise, natural language insights about pricing trends across these Miami metro zip codes:

* The median sale price in most Miami metro zip codes has increased significantly over the past year, with some areas seeing growth of over 200%, such as zip code 33128 (232.5%).
* Luxury markets like Coral Gables (33134) and Coconut Grove (33133) have seen strong price appreciation, while more affordable neighborhoods like Hialeah (33010) and Opa-Locka (33037) have also seen moderate growth.
* A small number of zip codes, including 33255 and 33247, have seen relatively slow or even declining median sale prices over the past year, which could indicate market saturation or other underlying issues.
* The Miami metro area as a whole has shown robust demand, with many areas experiencing low inventory levels; however, this trend may be starting to shift in some neighborhoods, such as Hialeah (33010) and Opa-Locka (33037), where inventory is increasing."
33116,230000.0,-15.1,1.0,5.0,2026-07-21T14:48:31.122972+00:00,"Here are 3-4 concise, natural language insights about pricing trends across these Miami metro zip codes:

* The median sale price in most Miami metro zip codes has increased significantly over the past year, with some areas seeing growth of over 200%, such as zip code 33128 (232.5%).
* Luxury markets like Coral Gables (33134) and Coconut Grove (33133) have seen strong price appreciation, while more affordable neighborhoods like Hialeah (33010) and Opa-Locka (33037) have also seen moderate growth.
* A small number of zip codes, including 33255 and 33247, have seen relatively slow or even declining median sale prices over the past year, which could indicate market saturation or other underlying issues.
* The Miami metro area as a whole has shown robust demand, with many areas experiencing low inventory levels; however, this trend may be starting to shift in some neighborhoods, such as Hialeah (33010) and Opa-Locka (33037), where inventory is increasing."
33119,265000.0,71.0,1.0,,2026-07-21T14:48:31.122972+00:00,"Here are 3-4 concise, natural language insights about pricing trends across these Miami metro zip codes:

* The median sale price in most Miami metro zip codes has increased significantly over the past year, with some areas seeing growth of over 200%, such as zip code 33128 (232.5%).
* Luxury markets like Coral Gables (33134) and Coconut Grove (33133) have seen strong price appreciation, while more affordable neighborhoods like Hialeah (33010) and Opa-Locka (33037) have also seen moderate growth.
* A small number of zip codes, including 33255 and 33247, have seen relatively slow or even declining median sale prices over the past year, which could indicate market saturation or other underlying issues.
* The Miami metro area as a whole has shown robust demand, with many areas experiencing low inventory levels; however, this trend may be starting to shift in some neighborhoods, such as Hialeah (33010) and Opa-Locka (33037), where inventory is increasing."
33122,1570000.0,-26.2,2.0,3.0,2026-07-21T14:48:31.122972+00:00,"Here are 3-4 concise, natural language insights about pricing trends across these Miami metro zip codes:

* The median sale price in most Miami metro zip codes has increased significantly over the past year, with some areas seeing growth of over 200%, such as zip code 33128 (232.5%).
* Luxury markets like Coral Gables (33134) and Coconut Grove (33133) have seen strong price appreciation, while more affordable neighborhoods like Hialeah (33010) and Opa-Locka (33037) have also seen moderate growth.
* A small number of zip codes, including 33255 and 33247, have seen relatively slow or even declining median sale prices over the past year, which could indicate market saturation or other underlying issues.
* The Miami metro area as a whole has shown robust demand, with many areas experiencing low inventory levels; however, this trend may be starting to shift in some neighborhoods, such as Hialeah (33010) and Opa-Locka (33037), where inventory is increasing."
33124,2500000.0,35.1,28.0,55.0,2026-07-21T14:48:31.122972+00:00,"Here are 3-4 concise, natural language insights about pricing trends across these Miami metro zip codes:

* The median sale price in most Miami metro zip codes has increased significantly over the past year, with some areas seeing growth of over 200%, such as zip code 33128 (232.5%).
* Luxury markets like Coral Gables (33134) and Coconut Grove (33133) have seen strong price appreciation, while more affordable neighborhoods like Hialeah (33010) and Opa-Locka (33037) have also seen moderate growth.
* A small number of zip codes, including 33255 and 33247, have seen relatively slow or even declining median sale prices over the past year, which could indicate market saturation or other underlying issues.
* The Miami metro area as a whole has shown robust demand, with many areas experiencing low inventory levels; however, this trend may be starting to shift in some neighborhoods, such as Hialeah (33010) and Opa-Locka (33037), where inventory is increasing."
33125,580000.0,13.9,53.0,137.0,2026-07-21T14:48:31.122972+00:00,"Here are 3-4 concise, natural language insights about pricing trends across these Miami metro zip codes:

* The median sale price in most Miami metro zip codes has increased significantly over the past year, with some areas seeing growth of over 200%, such as zip code 33128 (232.5%).
* Luxury markets like Coral Gables (33134) and Coconut Grove (33133) have seen strong price appreciation, while more affordable neighborhoods like Hialeah (33010) and Opa-Locka (33037) have also seen moderate growth.
* A small number of zip codes, including 33255 and 33247, have seen relatively slow or even declining median sale prices over the past year, which could indicate market saturation or other underlying issues.
* The Miami metro area as a whole has shown robust demand, with many areas experiencing low inventory levels; however, this trend may be starting to shift in some neighborhoods, such as Hialeah (33010) and Opa-Locka (33037), where inventory is increasing."
33126,285000.0,-10.9,49.0,122.0,2026-07-21T14:48:31.122972+00:00,"Here are 3-4 concise, natural language insights about pricing trends across these Miami metro zip codes:

* The median sale price in most Miami metro zip codes has increased significantly over the past year, with some areas seeing growth of over 200%, such as zip code 33128 (232.5%).
* Luxury markets like Coral Gables (33134) and Coconut Grove (33133) have seen strong price appreciation, while more affordable neighborhoods like Hialeah (33010) and Opa-Locka (33037) have also seen moderate growth.
* A small number of zip codes, including 33255 and 33247, have seen relatively slow or even declining median sale prices over the past year, which could indicate market saturation or other underlying issues.
* The Miami metro area as a whole has shown robust demand, with many areas experiencing low inventory levels; however, this trend may be starting to shift in some neighborhoods, such as Hialeah (33010) and Opa-Locka (33037), where inventory is increasing."
33127,607000.0,1.2,60.0,137.0,2026-07-21T14:48:31.122972+00:00,"Here are 3-4 concise, natural language insights about pricing trends across these Miami metro zip codes:

* The median sale price in most Miami metro zip codes has increased significantly over the past year, with some areas seeing growth of over 200%, such as zip code 33128 (232.5%).
* Luxury markets like Coral Gables (33134) and Coconut Grove (33133) have seen strong price appreciation, while more affordable neighborhoods like Hialeah (33010) and Opa-Locka (33037) have also seen moderate growth.
* A small number of zip codes, including 33255 and 33247, have seen relatively slow or even declining median sale prices over the past year, which could indicate market saturation or other underlying issues.
* The Miami metro area as a whole has shown robust demand, with many areas experiencing low inventory levels; however, this trend may be starting to shift in some neighborhoods, such as Hialeah (33010) and Opa-Locka (33037), where inventory is increasing."
33128,399000.0,232.5,6.0,54.0,2026-07-21T14:48:31.122972+00:00,"Here are 3-4 concise, natural language insights about pricing trends across these Miami metro zip codes:

* The median sale price in most Miami metro zip codes has increased significantly over the past year, with some areas seeing growth of over 200%, such as zip code 33128 (232.5%).
* Luxury markets like Coral Gables (33134) and Coconut Grove (33133) have seen strong price appreciation, while more affordable neighborhoods like Hialeah (33010) and Opa-Locka (33037) have also seen moderate growth.
* A small number of zip codes, including 33255 and 33247, have seen relatively slow or even declining median sale prices over the past year, which could indicate market saturation or other underlying issues.
* The Miami metro area as a whole has shown robust demand, with many areas experiencing low inventory levels; however, this trend may be starting to shift in some neighborhoods, such as Hialeah (33010) and Opa-Locka (33037), where inventory is increasing."
33129,875000.0,2.9,51.0,164.0,2026-07-21T14:48:31.122972+00:00,"Here are 3-4 concise, natural language insights about pricing trends across these Miami metro zip codes:

* The median sale price in most Miami metro zip codes has increased significantly over the past year, with some areas seeing growth of over 200%, such as zip code 33128 (232.5%).
* Luxury markets like Coral Gables (33134) and Coconut Grove (33133) have seen strong price appreciation, while more affordable neighborhoods like Hialeah (33010) and Opa-Locka (33037) have also seen moderate growth.
* A small number of zip codes, including 33255 and 33247, have seen relatively slow or even declining median sale prices over the past year, which could indicate market saturation or other underlying issues.
* The Miami metro area as a whole has shown robust demand, with many areas experiencing low inventory levels; however, this trend may be starting to shift in some neighborhoods, such as Hialeah (33010) and Opa-Locka (33037), where inventory is increasing."
33130,542500.0,-1.8,94.0,429.0,2026-07-21T14:48:31.122972+00:00,"Here are 3-4 concise, natural language insights about pricing trends across these Miami metro zip codes:

* The median sale price in most Miami metro zip codes has increased significantly over the past year, with some areas seeing growth of over 200%, such as zip code 33128 (232.5%).
* Luxury markets like Coral Gables (33134) and Coconut Grove (33133) have seen strong price appreciation, while more affordable neighborhoods like Hialeah (33010) and Opa-Locka (33037) have also seen moderate growth.
* A small number of zip codes, including 33255 and 33247, have seen relatively slow or even declining median sale prices over the past year, which could indicate market saturation or other underlying issues.
* The Miami metro area as a whole has shown robust demand, with many areas experiencing low inventory levels; however, this trend may be starting to shift in some neighborhoods, such as Hialeah (33010) and Opa-Locka (33037), where inventory is increasing."
33131,603750.0,-11.3,142.0,684.0,2026-07-21T14:48:31.122972+00:00,"Here are 3-4 concise, natural language insights about pricing trends across these Miami metro zip codes:

* The median sale price in most Miami metro zip codes has increased significantly over the past year, with some areas seeing growth of over 200%, such as zip code 33128 (232.5%).
* Luxury markets like Coral Gables (33134) and Coconut Grove (33133) have seen strong price appreciation, while more affordable neighborhoods like Hialeah (33010) and Opa-Locka (33037) have also seen moderate growth.
* A small number of zip codes, including 33255 and 33247, have seen relatively slow or even declining median sale prices over the past year, which could indicate market saturation or other underlying issues.
* The Miami metro area as a whole has shown robust demand, with many areas experiencing low inventory levels; however, this trend may be starting to shift in some neighborhoods, such as Hialeah (33010) and Opa-Locka (33037), where inventory is increasing."
33132,520000.0,4.0,105.0,564.0,2026-07-21T14:48:31.122972+00:00,"Here are 3-4 concise, natural language insights about pricing trends across these Miami metro zip codes:

* The median sale price in most Miami metro zip codes has increased significantly over the past year, with some areas seeing growth of over 200%, such as zip code 33128 (232.5%).
* Luxury markets like Coral Gables (33134) and Coconut Grove (33133) have seen strong price appreciation, while more affordable neighborhoods like Hialeah (33010) and Opa-Locka (33037) have also seen moderate growth.
* A small number of zip codes, including 33255 and 33247, have seen relatively slow or even declining median sale prices over the past year, which could indicate market saturation or other underlying issues.
* The Miami metro area as a whole has shown robust demand, with many areas experiencing low inventory levels; however, this trend may be starting to shift in some neighborhoods, such as Hialeah (33010) and Opa-Locka (33037), where inventory is increasing."
33133,1650000.0,4.4,183.0,328.0,2026-07-21T14:48:31.122972+00:00,"Here are 3-4 concise, natural language insights about pricing trends across these Miami metro zip codes:

* The median sale price in most Miami metro zip codes has increased significantly over the past year, with some areas seeing growth of over 200%, such as zip code 33128 (232.5%).
* Luxury markets like Coral Gables (33134) and Coconut Grove (33133) have seen strong price appreciation, while more affordable neighborhoods like Hialeah (33010) and Opa-Locka (33037) have also seen moderate growth.
* A small number of zip codes, including 33255 and 33247, have seen relatively slow or even declining median sale prices over the past year, which could indicate market saturation or other underlying issues.
* The Miami metro area as a whole has shown robust demand, with many areas experiencing low inventory levels; however, this trend may be starting to shift in some neighborhoods, such as Hialeah (33010) and Opa-Locka (33037), where inventory is increasing."
33134,1100000.0,4.7,123.0,200.0,2026-07-21T14:48:31.122972+00:00,"Here are 3-4 concise, natural language insights about pricing trends across these Miami metro zip codes:

* The median sale price in most Miami metro zip codes has increased significantly over the past year, with some areas seeing growth of over 200%, such as zip code 33128 (232.5%).
* Luxury markets like Coral Gables (33134) and Coconut Grove (33133) have seen strong price appreciation, while more affordable neighborhoods like Hialeah (33010) and Opa-Locka (33037) have also seen moderate growth.
* A small number of zip codes, including 33255 and 33247, have seen relatively slow or even declining median sale prices over the past year, which could indicate market saturation or other underlying issues.
* The Miami metro area as a whole has shown robust demand, with many areas experiencing low inventory levels; however, this trend may be starting to shift in some neighborhoods, such as Hialeah (33010) and Opa-Locka (33037), where inventory is increasing."
33135,727150.0,-1.1,38.0,95.0,2026-07-21T14:48:31.122972+00:00,"Here are 3-4 concise, natural language insights about pricing trends across these Miami metro zip codes:

* The median sale price in most Miami metro zip codes has increased significantly over the past year, with some areas seeing growth of over 200%, such as zip code 33128 (232.5%).
* Luxury markets like Coral Gables (33134) and Coconut Grove (33133) have seen strong price appreciation, while more affordable neighborhoods like Hialeah (33010) and Opa-Locka (33037) have also seen moderate growth.
* A small number of zip codes, including 33255 and 33247, have seen relatively slow or even declining median sale prices over the past year, which could indicate market saturation or other underlying issues.
* The Miami metro area as a whole has shown robust demand, with many areas experiencing low inventory levels; however, this trend may be starting to shift in some neighborhoods, such as Hialeah (33010) and Opa-Locka (33037), where inventory is increasing."
33136,281000.0,-20.8,10.0,29.0,2026-07-21T14:48:31.122972+00:00,"Here are 3-4 concise, natural language insights about pricing trends across these Miami metro zip codes:

* The median sale price in most Miami metro zip codes has increased significantly over the past year, with some areas seeing growth of over 200%, such as zip code 33128 (232.5%).
* Luxury markets like Coral Gables (33134) and Coconut Grove (33133) have seen strong price appreciation, while more affordable neighborhoods like Hialeah (33010) and Opa-Locka (33037) have also seen moderate growth.
* A small number of zip codes, including 33255 and 33247, have seen relatively slow or even declining median sale prices over the past year, which could indicate market saturation or other underlying issues.
* The Miami metro area as a whole has shown robust demand, with many areas experiencing low inventory levels; however, this trend may be starting to shift in some neighborhoods, such as Hialeah (33010) and Opa-Locka (33037), where inventory is increasing."
33137,825000.0,0.6,154.0,479.0,2026-07-21T14:48:31.122972+00:00,"Here are 3-4 concise, natural language insights about pricing trends across these Miami metro zip codes:

* The median sale price in most Miami metro zip codes has increased significantly over the past year, with some areas seeing growth of over 200%, such as zip code 33128 (232.5%).
* Luxury markets like Coral Gables (33134) and Coconut Grove (33133) have seen strong price appreciation, while more affordable neighborhoods like Hialeah (33010) and Opa-Locka (33037) have also seen moderate growth.
* A small number of zip codes, including 33255 and 33247, have seen relatively slow or even declining median sale prices over the past year, which could indicate market saturation or other underlying issues.
* The Miami metro area as a whole has shown robust demand, with many areas experiencing low inventory levels; however, this trend may be starting to shift in some neighborhoods, such as Hialeah (33010) and Opa-Locka (33037), where inventory is increasing."
33138,975200.0,14.7,99.0,242.0,2026-07-21T14:48:31.122972+00:00,"Here are 3-4 concise, natural language insights about pricing trends across these Miami metro zip codes:

* The median sale price in most Miami metro zip codes has increased significantly over the past year, with some areas seeing growth of over 200%, such as zip code 33128 (232.5%).
* Luxury markets like Coral Gables (33134) and Coconut Grove (33133) have seen strong price appreciation, while more affordable neighborhoods like Hialeah (33010) and Opa-Locka (33037) have also seen moderate growth.
* A small number of zip codes, including 33255 and 33247, have seen relatively slow or even declining median sale prices over the past year, which could indicate market saturation or other underlying issues.
* The Miami metro area as a whole has shown robust demand, with many areas experiencing low inventory levels; however, this trend may be starting to shift in some neighborhoods, such as Hialeah (33010) and Opa-Locka (33037), where inventory is increasing."
33139,610000.0,14.6,318.0,784.0,2026-07-21T14:48:31.122972+00:00,"Here are 3-4 concise, natural language insights about pricing trends across these Miami metro zip codes:

* The median sale price in most Miami metro zip codes has increased significantly over the past year, with some areas seeing growth of over 200%, such as zip code 33128 (232.5%).
* Luxury markets like Coral Gables (33134) and Coconut Grove (33133) have seen strong price appreciation, while more affordable neighborhoods like Hialeah (33010) and Opa-Locka (33037) have also seen moderate growth.
* A small number of zip codes, including 33255 and 33247, have seen relatively slow or even declining median sale prices over the past year, which could indicate market saturation or other underlying issues.
* The Miami metro area as a whole has shown robust demand, with many areas experiencing low inventory levels; however, this trend may be starting to shift in some neighborhoods, such as Hialeah (33010) and Opa-Locka (33037), where inventory is increasing."
33140,850000.0,7.6,153.0,412.0,2026-07-21T14:48:31.122972+00:00,"Here are 3-4 concise, natural language insights about pricing trends across these Miami metro zip codes:

* The median sale price in most Miami metro zip codes has increased significantly over the past year, with some areas seeing growth of over 200%, such as zip code 33128 (232.5%).
* Luxury markets like Coral Gables (33134) and Coconut Grove (33133) have seen strong price appreciation, while more affordable neighborhoods like Hialeah (33010) and Opa-Locka (33037) have also seen moderate growth.
* A small number of zip codes, including 33255 and 33247, have seen relatively slow or even declining median sale prices over the past year, which could indicate market saturation or other underlying issues.
* The Miami metro area as a whole has shown robust demand, with many areas experiencing low inventory levels; however, this trend may be starting to shift in some neighborhoods, such as Hialeah (33010) and Opa-Locka (33037), where inventory is increasing."
33141,544500.0,3.7,144.0,497.0,2026-07-21T14:48:31.122972+00:00,"Here are 3-4 concise, natural language insights about pricing trends across these Miami metro zip codes:

* The median sale price in most Miami metro zip codes has increased significantly over the past year, with some areas seeing growth of over 200%, such as zip code 33128 (232.5%).
* Luxury markets like Coral Gables (33134) and Coconut Grove (33133) have seen strong price appreciation, while more affordable neighborhoods like Hialeah (33010) and Opa-Locka (33037) have also seen moderate growth.
* A small number of zip codes, including 33255 and 33247, have seen relatively slow or even declining median sale prices over the past year, which could indicate market saturation or other underlying issues.
* The Miami metro area as a whole has shown robust demand, with many areas experiencing low inventory levels; however, this trend may be starting to shift in some neighborhoods, such as Hialeah (33010) and Opa-Locka (33037), where inventory is increasing."
33142,474900.0,-0.0,69.0,153.0,2026-07-21T14:48:31.122972+00:00,"Here are 3-4 concise, natural language insights about pricing trends across these Miami metro zip codes:

* The median sale price in most Miami metro zip codes has increased significantly over the past year, with some areas seeing growth of over 200%, such as zip code 33128 (232.5%).
* Luxury markets like Coral Gables (33134) and Coconut Grove (33133) have seen strong price appreciation, while more affordable neighborhoods like Hialeah (33010) and Opa-Locka (33037) have also seen moderate growth.
* A small number of zip codes, including 33255 and 33247, have seen relatively slow or even declining median sale prices over the past year, which could indicate market saturation or other underlying issues.
* The Miami metro area as a whole has shown robust demand, with many areas experiencing low inventory levels; however, this trend may be starting to shift in some neighborhoods, such as Hialeah (33010) and Opa-Locka (33037), where inventory is increasing."
33143,1271250.0,15.6,102.0,182.0,2026-07-21T14:48:31.122972+00:00,"Here are 3-4 concise, natural language insights about pricing trends across these Miami metro zip codes:

* The median sale price in most Miami metro zip codes has increased significantly over the past year, with some areas seeing growth of over 200%, such as zip code 33128 (232.5%).
* Luxury markets like Coral Gables (33134) and Coconut Grove (33133) have seen strong price appreciation, while more affordable neighborhoods like Hialeah (33010) and Opa-Locka (33037) have also seen moderate growth.
* A small number of zip codes, including 33255 and 33247, have seen relatively slow or even declining median sale prices over the past year, which could indicate market saturation or other underlying issues.
* The Miami metro area as a whole has shown robust demand, with many areas experiencing low inventory levels; however, this trend may be starting to shift in some neighborhoods, such as Hialeah (33010) and Opa-Locka (33037), where inventory is increasing."
33144,675000.0,6.3,29.0,46.0,2026-07-21T14:48:31.122972+00:00,"Here are 3-4 concise, natural language insights about pricing trends across these Miami metro zip codes:

* The median sale price in most Miami metro zip codes has increased significantly over the past year, with some areas seeing growth of over 200%, such as zip code 33128 (232.5%).
* Luxury markets like Coral Gables (33134) and Coconut Grove (33133) have seen strong price appreciation, while more affordable neighborhoods like Hialeah (33010) and Opa-Locka (33037) have also seen moderate growth.
* A small number of zip codes, including 33255 and 33247, have seen relatively slow or even declining median sale prices over the past year, which could indicate market saturation or other underlying issues.
* The Miami metro area as a whole has shown robust demand, with many areas experiencing low inventory levels; however, this trend may be starting to shift in some neighborhoods, such as Hialeah (33010) and Opa-Locka (33037), where inventory is increasing."
33145,740000.0,-10.8,74.0,146.0,2026-07-21T14:48:31.122972+00:00,"Here are 3-4 concise, natural language insights about pricing trends across these Miami metro zip codes:

* The median sale price in most Miami metro zip codes has increased significantly over the past year, with some areas seeing growth of over 200%, such as zip code 33128 (232.5%).
* Luxury markets like Coral Gables (33134) and Coconut Grove (33133) have seen strong price appreciation, while more affordable neighborhoods like Hialeah (33010) and Opa-Locka (33037) have also seen moderate growth.
* A small number of zip codes, including 33255 and 33247, have seen relatively slow or even declining median sale prices over the past year, which could indicate market saturation or other underlying issues.
* The Miami metro area as a whole has shown robust demand, with many areas experiencing low inventory levels; however, this trend may be starting to shift in some neighborhoods, such as Hialeah (33010) and Opa-Locka (33037), where inventory is increasing."
33146,1750000.0,-19.6,52.0,61.0,2026-07-21T14:48:31.122972+00:00,"Here are 3-4 concise, natural language insights about pricing trends across these Miami metro zip codes:

* The median sale price in most Miami metro zip codes has increased significantly over the past year, with some areas seeing growth of over 200%, such as zip code 33128 (232.5%).
* Luxury markets like Coral Gables (33134) and Coconut Grove (33133) have seen strong price appreciation, while more affordable neighborhoods like Hialeah (33010) and Opa-Locka (33037) have also seen moderate growth.
* A small number of zip codes, including 33255 and 33247, have seen relatively slow or even declining median sale prices over the past year, which could indicate market saturation or other underlying issues.
* The Miami metro area as a whole has shown robust demand, with many areas experiencing low inventory levels; however, this trend may be starting to shift in some neighborhoods, such as Hialeah (33010) and Opa-Locka (33037), where inventory is increasing."
33147,500000.0,10.5,90.0,133.0,2026-07-21T14:48:31.122972+00:00,"Here are 3-4 concise, natural language insights about pricing trends across these Miami metro zip codes:

* The median sale price in most Miami metro zip codes has increased significantly over the past year, with some areas seeing growth of over 200%, such as zip code 33128 (232.5%).
* Luxury markets like Coral Gables (33134) and Coconut Grove (33133) have seen strong price appreciation, while more affordable neighborhoods like Hialeah (33010) and Opa-Locka (33037) have also seen moderate growth.
* A small number of zip codes, including 33255 and 33247, have seen relatively slow or even declining median sale prices over the past year, which could indicate market saturation or other underlying issues.
* The Miami metro area as a whole has shown robust demand, with many areas experiencing low inventory levels; however, this trend may be starting to shift in some neighborhoods, such as Hialeah (33010) and Opa-Locka (33037), where inventory is increasing."
33149,1800000.0,39.8,63.0,155.0,2026-07-21T14:48:31.122972+00:00,"Here are 3-4 concise, natural language insights about pricing trends across these Miami metro zip codes:

* The median sale price in most Miami metro zip codes has increased significantly over the past year, with some areas seeing growth of over 200%, such as zip code 33128 (232.5%).
* Luxury markets like Coral Gables (33134) and Coconut Grove (33133) have seen strong price appreciation, while more affordable neighborhoods like Hialeah (33010) and Opa-Locka (33037) have also seen moderate growth.
* A small number of zip codes, including 33255 and 33247, have seen relatively slow or even declining median sale prices over the past year, which could indicate market saturation or other underlying issues.
* The Miami metro area as a whole has shown robust demand, with many areas experiencing low inventory levels; however, this trend may be starting to shift in some neighborhoods, such as Hialeah (33010) and Opa-Locka (33037), where inventory is increasing."
33150,525000.0,-2.8,65.0,109.0,2026-07-21T14:48:31.122972+00:00,"Here are 3-4 concise, natural language insights about pricing trends across these Miami metro zip codes:

* The median sale price in most Miami metro zip codes has increased significantly over the past year, with some areas seeing growth of over 200%, such as zip code 33128 (232.5%).
* Luxury markets like Coral Gables (33134) and Coconut Grove (33133) have seen strong price appreciation, while more affordable neighborhoods like Hialeah (33010) and Opa-Locka (33037) have also seen moderate growth.
* A small number of zip codes, including 33255 and 33247, have seen relatively slow or even declining median sale prices over the past year, which could indicate market saturation or other underlying issues.
* The Miami metro area as a whole has shown robust demand, with many areas experiencing low inventory levels; however, this trend may be starting to shift in some neighborhoods, such as Hialeah (33010) and Opa-Locka (33037), where inventory is increasing."
33153,502500.0,65.6,2.0,,2026-07-21T14:48:31.122972+00:00,"Here are 3-4 concise, natural language insights about pricing trends across these Miami metro zip codes:

* The median sale price in most Miami metro zip codes has increased significantly over the past year, with some areas seeing growth of over 200%, such as zip code 33128 (232.5%).
* Luxury markets like Coral Gables (33134) and Coconut Grove (33133) have seen strong price appreciation, while more affordable neighborhoods like Hialeah (33010) and Opa-Locka (33037) have also seen moderate growth.
* A small number of zip codes, including 33255 and 33247, have seen relatively slow or even declining median sale prices over the past year, which could indicate market saturation or other underlying issues.
* The Miami metro area as a whole has shown robust demand, with many areas experiencing low inventory levels; however, this trend may be starting to shift in some neighborhoods, such as Hialeah (33010) and Opa-Locka (33037), where inventory is increasing."
33154,1650000.0,22.2,109.0,340.0,2026-07-21T14:48:31.122972+00:00,"Here are 3-4 concise, natural language insights about pricing trends across these Miami metro zip codes:

* The median sale price in most Miami metro zip codes has increased significantly over the past year, with some areas seeing growth of over 200%, such as zip code 33128 (232.5%).
* Luxury markets like Coral Gables (33134) and Coconut Grove (33133) have seen strong price appreciation, while more affordable neighborhoods like Hialeah (33010) and Opa-Locka (33037) have also seen moderate growth.
* A small number of zip codes, including 33255 and 33247, have seen relatively slow or even declining median sale prices over the past year, which could indicate market saturation or other underlying issues.
* The Miami metro area as a whole has shown robust demand, with many areas experiencing low inventory levels; however, this trend may be starting to shift in some neighborhoods, such as Hialeah (33010) and Opa-Locka (33037), where inventory is increasing."
33155,745000.0,1.1,87.0,123.0,2026-07-21T14:48:31.122972+00:00,"Here are 3-4 concise, natural language insights about pricing trends across these Miami metro zip codes:

* The median sale price in most Miami metro zip codes has increased significantly over the past year, with some areas seeing growth of over 200%, such as zip code 33128 (232.5%).
* Luxury markets like Coral Gables (33134) and Coconut Grove (33133) have seen strong price appreciation, while more affordable neighborhoods like Hialeah (33010) and Opa-Locka (33037) have also seen moderate growth.
* A small number of zip codes, including 33255 and 33247, have seen relatively slow or even declining median sale prices over the past year, which could indicate market saturation or other underlying issues.
* The Miami metro area as a whole has shown robust demand, with many areas experiencing low inventory levels; however, this trend may be starting to shift in some neighborhoods, such as Hialeah (33010) and Opa-Locka (33037), where inventory is increasing."
33156,1680000.0,22.2,115.0,271.0,2026-07-21T14:48:31.122972+00:00,"Here are 3-4 concise, natural language insights about pricing trends across these Miami metro zip codes:

* The median sale price in most Miami metro zip codes has increased significantly over the past year, with some areas seeing growth of over 200%, such as zip code 33128 (232.5%).
* Luxury markets like Coral Gables (33134) and Coconut Grove (33133) have seen strong price appreciation, while more affordable neighborhoods like Hialeah (33010) and Opa-Locka (33037) have also seen moderate growth.
* A small number of zip codes, including 33255 and 33247, have seen relatively slow or even declining median sale prices over the past year, which could indicate market saturation or other underlying issues.
* The Miami metro area as a whole has shown robust demand, with many areas experiencing low inventory levels; however, this trend may be starting to shift in some neighborhoods, such as Hialeah (33010) and Opa-Locka (33037), where inventory is increasing."
33157,639000.0,-5.7,187.0,265.0,2026-07-21T14:48:31.122972+00:00,"Here are 3-4 concise, natural language insights about pricing trends across these Miami metro zip codes:

* The median sale price in most Miami metro zip codes has increased significantly over the past year, with some areas seeing growth of over 200%, such as zip code 33128 (232.5%).
* Luxury markets like Coral Gables (33134) and Coconut Grove (33133) have seen strong price appreciation, while more affordable neighborhoods like Hialeah (33010) and Opa-Locka (33037) have also seen moderate growth.
* A small number of zip codes, including 33255 and 33247, have seen relatively slow or even declining median sale prices over the past year, which could indicate market saturation or other underlying issues.
* The Miami metro area as a whole has shown robust demand, with many areas experiencing low inventory levels; however, this trend may be starting to shift in some neighborhoods, such as Hialeah (33010) and Opa-Locka (33037), where inventory is increasing."
33158,1445000.0,-10.7,25.0,39.0,2026-07-21T14:48:31.122972+00:00,"Here are 3-4 concise, natural language insights about pricing trends across these Miami metro zip codes:

* The median sale price in most Miami metro zip codes has increased significantly over the past year, with some areas seeing growth of over 200%, such as zip code 33128 (232.5%).
* Luxury markets like Coral Gables (33134) and Coconut Grove (33133) have seen strong price appreciation, while more affordable neighborhoods like Hialeah (33010) and Opa-Locka (33037) have also seen moderate growth.
* A small number of zip codes, including 33255 and 33247, have seen relatively slow or even declining median sale prices over the past year, which could indicate market saturation or other underlying issues.
* The Miami metro area as a whole has shown robust demand, with many areas experiencing low inventory levels; however, this trend may be starting to shift in some neighborhoods, such as Hialeah (33010) and Opa-Locka (33037), where inventory is increasing."
33160,520000.0,-12.6,288.0,1314.0,2026-07-21T14:48:31.122972+00:00,"Here are 3-4 concise, natural language insights about pricing trends across these Miami metro zip codes:

* The median sale price in most Miami metro zip codes has increased significantly over the past year, with some areas seeing growth of over 200%, such as zip code 33128 (232.5%).
* Luxury markets like Coral Gables (33134) and Coconut Grove (33133) have seen strong price appreciation, while more affordable neighborhoods like Hialeah (33010) and Opa-Locka (33037) have also seen moderate growth.
* A small number of zip codes, including 33255 and 33247, have seen relatively slow or even declining median sale prices over the past year, which could indicate market saturation or other underlying issues.
* The Miami metro area as a whole has shown robust demand, with many areas experiencing low inventory levels; however, this trend may be starting to shift in some neighborhoods, such as Hialeah (33010) and Opa-Locka (33037), where inventory is increasing."
33161,685500.0,19.7,78.0,218.0,2026-07-21T14:48:31.122972+00:00,"Here are 3-4 concise, natural language insights about pricing trends across these Miami metro zip codes:

* The median sale price in most Miami metro zip codes has increased significantly over the past year, with some areas seeing growth of over 200%, such as zip code 33128 (232.5%).
* Luxury markets like Coral Gables (33134) and Coconut Grove (33133) have seen strong price appreciation, while more affordable neighborhoods like Hialeah (33010) and Opa-Locka (33037) have also seen moderate growth.
* A small number of zip codes, including 33255 and 33247, have seen relatively slow or even declining median sale prices over the past year, which could indicate market saturation or other underlying issues.
* The Miami metro area as a whole has shown robust demand, with many areas experiencing low inventory levels; however, this trend may be starting to shift in some neighborhoods, such as Hialeah (33010) and Opa-Locka (33037), where inventory is increasing."
33162,475000.0,-8.2,82.0,165.0,2026-07-21T14:48:31.122972+00:00,"Here are 3-4 concise, natural language insights about pricing trends across these Miami metro zip codes:

* The median sale price in most Miami metro zip codes has increased significantly over the past year, with some areas seeing growth of over 200%, such as zip code 33128 (232.5%).
* Luxury markets like Coral Gables (33134) and Coconut Grove (33133) have seen strong price appreciation, while more affordable neighborhoods like Hialeah (33010) and Opa-Locka (33037) have also seen moderate growth.
* A small number of zip codes, including 33255 and 33247, have seen relatively slow or even declining median sale prices over the past year, which could indicate market saturation or other underlying issues.
* The Miami metro area as a whole has shown robust demand, with many areas experiencing low inventory levels; however, this trend may be starting to shift in some neighborhoods, such as Hialeah (33010) and Opa-Locka (33037), where inventory is increasing."
33165,701000.0,1.7,96.0,98.0,2026-07-21T14:48:31.122972+00:00,"Here are 3-4 concise, natural language insights about pricing trends across these Miami metro zip codes:

* The median sale price in most Miami metro zip codes has increased significantly over the past year, with some areas seeing growth of over 200%, such as zip code 33128 (232.5%).
* Luxury markets like Coral Gables (33134) and Coconut Grove (33133) have seen strong price appreciation, while more affordable neighborhoods like Hialeah (33010) and Opa-Locka (33037) have also seen moderate growth.
* A small number of zip codes, including 33255 and 33247, have seen relatively slow or even declining median sale prices over the past year, which could indicate market saturation or other underlying issues.
* The Miami metro area as a whole has shown robust demand, with many areas experiencing low inventory levels; however, this trend may be starting to shift in some neighborhoods, such as Hialeah (33010) and Opa-Locka (33037), where inventory is increasing."
33166,659000.0,-5.7,83.0,137.0,2026-07-21T14:48:31.122972+00:00,"Here are 3-4 concise, natural language insights about pricing trends across these Miami metro zip codes:

* The median sale price in most Miami metro zip codes has increased significantly over the past year, with some areas seeing growth of over 200%, such as zip code 33128 (232.5%).
* Luxury markets like Coral Gables (33134) and Coconut Grove (33133) have seen strong price appreciation, while more affordable neighborhoods like Hialeah (33010) and Opa-Locka (33037) have also seen moderate growth.
* A small number of zip codes, including 33255 and 33247, have seen relatively slow or even declining median sale prices over the past year, which could indicate market saturation or other underlying issues.
* The Miami metro area as a whole has shown robust demand, with many areas experiencing low inventory levels; however, this trend may be starting to shift in some neighborhoods, such as Hialeah (33010) and Opa-Locka (33037), where inventory is increasing."
33167,479000.0,-2.7,35.0,89.0,2026-07-21T14:48:31.122972+00:00,"Here are 3-4 concise, natural language insights about pricing trends across these Miami metro zip codes:

* The median sale price in most Miami metro zip codes has increased significantly over the past year, with some areas seeing growth of over 200%, such as zip code 33128 (232.5%).
* Luxury markets like Coral Gables (33134) and Coconut Grove (33133) have seen strong price appreciation, while more affordable neighborhoods like Hialeah (33010) and Opa-Locka (33037) have also seen moderate growth.
* A small number of zip codes, including 33255 and 33247, have seen relatively slow or even declining median sale prices over the past year, which could indicate market saturation or other underlying issues.
* The Miami metro area as a whole has shown robust demand, with many areas experiencing low inventory levels; however, this trend may be starting to shift in some neighborhoods, such as Hialeah (33010) and Opa-Locka (33037), where inventory is increasing."
33168,480000.0,-8.6,43.0,86.0,2026-07-21T14:48:31.122972+00:00,"Here are 3-4 concise, natural language insights about pricing trends across these Miami metro zip codes:

* The median sale price in most Miami metro zip codes has increased significantly over the past year, with some areas seeing growth of over 200%, such as zip code 33128 (232.5%).
* Luxury markets like Coral Gables (33134) and Coconut Grove (33133) have seen strong price appreciation, while more affordable neighborhoods like Hialeah (33010) and Opa-Locka (33037) have also seen moderate growth.
* A small number of zip codes, including 33255 and 33247, have seen relatively slow or even declining median sale prices over the past year, which could indicate market saturation or other underlying issues.
* The Miami metro area as a whole has shown robust demand, with many areas experiencing low inventory levels; however, this trend may be starting to shift in some neighborhoods, such as Hialeah (33010) and Opa-Locka (33037), where inventory is increasing."
33169,479000.0,8.9,75.0,147.0,2026-07-21T14:48:31.122972+00:00,"Here are 3-4 concise, natural language insights about pricing trends across these Miami metro zip codes:

* The median sale price in most Miami metro zip codes has increased significantly over the past year, with some areas seeing growth of over 200%, such as zip code 33128 (232.5%).
* Luxury markets like Coral Gables (33134) and Coconut Grove (33133) have seen strong price appreciation, while more affordable neighborhoods like Hialeah (33010) and Opa-Locka (33037) have also seen moderate growth.
* A small number of zip codes, including 33255 and 33247, have seen relatively slow or even declining median sale prices over the past year, which could indicate market saturation or other underlying issues.
* The Miami metro area as a whole has shown robust demand, with many areas experiencing low inventory levels; however, this trend may be starting to shift in some neighborhoods, such as Hialeah (33010) and Opa-Locka (33037), where inventory is increasing."
33170,592450.0,-4.4,64.0,103.0,2026-07-21T14:48:31.122972+00:00,"Here are 3-4 concise, natural language insights about pricing trends across these Miami metro zip codes:

* The median sale price in most Miami metro zip codes has increased significantly over the past year, with some areas seeing growth of over 200%, such as zip code 33128 (232.5%).
* Luxury markets like Coral Gables (33134) and Coconut Grove (33133) have seen strong price appreciation, while more affordable neighborhoods like Hialeah (33010) and Opa-Locka (33037) have also seen moderate growth.
* A small number of zip codes, including 33255 and 33247, have seen relatively slow or even declining median sale prices over the past year, which could indicate market saturation or other underlying issues.
* The Miami metro area as a whole has shown robust demand, with many areas experiencing low inventory levels; however, this trend may be starting to shift in some neighborhoods, such as Hialeah (33010) and Opa-Locka (33037), where inventory is increasing."
33172,320000.0,5.8,44.0,99.0,2026-07-21T14:48:31.122972+00:00,"Here are 3-4 concise, natural language insights about pricing trends across these Miami metro zip codes:

* The median sale price in most Miami metro zip codes has increased significantly over the past year, with some areas seeing growth of over 200%, such as zip code 33128 (232.5%).
* Luxury markets like Coral Gables (33134) and Coconut Grove (33133) have seen strong price appreciation, while more affordable neighborhoods like Hialeah (33010) and Opa-Locka (33037) have also seen moderate growth.
* A small number of zip codes, including 33255 and 33247, have seen relatively slow or even declining median sale prices over the past year, which could indicate market saturation or other underlying issues.
* The Miami metro area as a whole has shown robust demand, with many areas experiencing low inventory levels; however, this trend may be starting to shift in some neighborhoods, such as Hialeah (33010) and Opa-Locka (33037), where inventory is increasing."
33173,580000.0,-9.4,95.0,112.0,2026-07-21T14:48:31.122972+00:00,"Here are 3-4 concise, natural language insights about pricing trends across these Miami metro zip codes:

* The median sale price in most Miami metro zip codes has increased significantly over the past year, with some areas seeing growth of over 200%, such as zip code 33128 (232.5%).
* Luxury markets like Coral Gables (33134) and Coconut Grove (33133) have seen strong price appreciation, while more affordable neighborhoods like Hialeah (33010) and Opa-Locka (33037) have also seen moderate growth.
* A small number of zip codes, including 33255 and 33247, have seen relatively slow or even declining median sale prices over the past year, which could indicate market saturation or other underlying issues.
* The Miami metro area as a whole has shown robust demand, with many areas experiencing low inventory levels; however, this trend may be starting to shift in some neighborhoods, such as Hialeah (33010) and Opa-Locka (33037), where inventory is increasing."
33174,505250.0,0.8,44.0,56.0,2026-07-21T14:48:31.122972+00:00,"Here are 3-4 concise, natural language insights about pricing trends across these Miami metro zip codes:

* The median sale price in most Miami metro zip codes has increased significantly over the past year, with some areas seeing growth of over 200%, such as zip code 33128 (232.5%).
* Luxury markets like Coral Gables (33134) and Coconut Grove (33133) have seen strong price appreciation, while more affordable neighborhoods like Hialeah (33010) and Opa-Locka (33037) have also seen moderate growth.
* A small number of zip codes, including 33255 and 33247, have seen relatively slow or even declining median sale prices over the past year, which could indicate market saturation or other underlying issues.
* The Miami metro area as a whole has shown robust demand, with many areas experiencing low inventory levels; however, this trend may be starting to shift in some neighborhoods, such as Hialeah (33010) and Opa-Locka (33037), where inventory is increasing."
33175,655000.0,0.8,95.0,117.0,2026-07-21T14:48:31.122972+00:00,"Here are 3-4 concise, natural language insights about pricing trends across these Miami metro zip codes:

* The median sale price in most Miami metro zip codes has increased significantly over the past year, with some areas seeing growth of over 200%, such as zip code 33128 (232.5%).
* Luxury markets like Coral Gables (33134) and Coconut Grove (33133) have seen strong price appreciation, while more affordable neighborhoods like Hialeah (33010) and Opa-Locka (33037) have also seen moderate growth.
* A small number of zip codes, including 33255 and 33247, have seen relatively slow or even declining median sale prices over the past year, which could indicate market saturation or other underlying issues.
* The Miami metro area as a whole has shown robust demand, with many areas experiencing low inventory levels; however, this trend may be starting to shift in some neighborhoods, such as Hialeah (33010) and Opa-Locka (33037), where inventory is increasing."
33176,602500.0,8.6,116.0,174.0,2026-07-21T14:48:31.122972+00:00,"Here are 3-4 concise, natural language insights about pricing trends across these Miami metro zip codes:

* The median sale price in most Miami metro zip codes has increased significantly over the past year, with some areas seeing growth of over 200%, such as zip code 33128 (232.5%).
* Luxury markets like Coral Gables (33134) and Coconut Grove (33133) have seen strong price appreciation, while more affordable neighborhoods like Hialeah (33010) and Opa-Locka (33037) have also seen moderate growth.
* A small number of zip codes, including 33255 and 33247, have seen relatively slow or even declining median sale prices over the past year, which could indicate market saturation or other underlying issues.
* The Miami metro area as a whole has shown robust demand, with many areas experiencing low inventory levels; however, this trend may be starting to shift in some neighborhoods, such as Hialeah (33010) and Opa-Locka (33037), where inventory is increasing."
33177,581000.0,-2.8,105.0,147.0,2026-07-21T14:48:31.122972+00:00,"Here are 3-4 concise, natural language insights about pricing trends across these Miami metro zip codes:

* The median sale price in most Miami metro zip codes has increased significantly over the past year, with some areas seeing growth of over 200%, such as zip code 33128 (232.5%).
* Luxury markets like Coral Gables (33134) and Coconut Grove (33133) have seen strong price appreciation, while more affordable neighborhoods like Hialeah (33010) and Opa-Locka (33037) have also seen moderate growth.
* A small number of zip codes, including 33255 and 33247, have seen relatively slow or even declining median sale prices over the past year, which could indicate market saturation or other underlying issues.
* The Miami metro area as a whole has shown robust demand, with many areas experiencing low inventory levels; however, this trend may be starting to shift in some neighborhoods, such as Hialeah (33010) and Opa-Locka (33037), where inventory is increasing."
33178,610000.0,5.7,173.0,314.0,2026-07-21T14:48:31.122972+00:00,"Here are 3-4 concise, natural language insights about pricing trends across these Miami metro zip codes:

* The median sale price in most Miami metro zip codes has increased significantly over the past year, with some areas seeing growth of over 200%, such as zip code 33128 (232.5%).
* Luxury markets like Coral Gables (33134) and Coconut Grove (33133) have seen strong price appreciation, while more affordable neighborhoods like Hialeah (33010) and Opa-Locka (33037) have also seen moderate growth.
* A small number of zip codes, including 33255 and 33247, have seen relatively slow or even declining median sale prices over the past year, which could indicate market saturation or other underlying issues.
* The Miami metro area as a whole has shown robust demand, with many areas experiencing low inventory levels; however, this trend may be starting to shift in some neighborhoods, such as Hialeah (33010) and Opa-Locka (33037), where inventory is increasing."
33179,380000.0,2.7,113.0,356.0,2026-07-21T14:48:31.122972+00:00,"Here are 3-4 concise, natural language insights about pricing trends across these Miami metro zip codes:

* The median sale price in most Miami metro zip codes has increased significantly over the past year, with some areas seeing growth of over 200%, such as zip code 33128 (232.5%).
* Luxury markets like Coral Gables (33134) and Coconut Grove (33133) have seen strong price appreciation, while more affordable neighborhoods like Hialeah (33010) and Opa-Locka (33037) have also seen moderate growth.
* A small number of zip codes, including 33255 and 33247, have seen relatively slow or even declining median sale prices over the past year, which could indicate market saturation or other underlying issues.
* The Miami metro area as a whole has shown robust demand, with many areas experiencing low inventory levels; however, this trend may be starting to shift in some neighborhoods, such as Hialeah (33010) and Opa-Locka (33037), where inventory is increasing."
33180,458000.0,-17.5,188.0,734.0,2026-07-21T14:48:31.122972+00:00,"Here are 3-4 concise, natural language insights about pricing trends across these Miami metro zip codes:

* The median sale price in most Miami metro zip codes has increased significantly over the past year, with some areas seeing growth of over 200%, such as zip code 33128 (232.5%).
* Luxury markets like Coral Gables (33134) and Coconut Grove (33133) have seen strong price appreciation, while more affordable neighborhoods like Hialeah (33010) and Opa-Locka (33037) have also seen moderate growth.
* A small number of zip codes, including 33255 and 33247, have seen relatively slow or even declining median sale prices over the past year, which could indicate market saturation or other underlying issues.
* The Miami metro area as a whole has shown robust demand, with many areas experiencing low inventory levels; however, this trend may be starting to shift in some neighborhoods, such as Hialeah (33010) and Opa-Locka (33037), where inventory is increasing."
33181,320000.0,-26.0,67.0,205.0,2026-07-21T14:48:31.122972+00:00,"Here are 3-4 concise, natural language insights about pricing trends across these Miami metro zip codes:

* The median sale price in most Miami metro zip codes has increased significantly over the past year, with some areas seeing growth of over 200%, such as zip code 33128 (232.5%).
* Luxury markets like Coral Gables (33134) and Coconut Grove (33133) have seen strong price appreciation, while more affordable neighborhoods like Hialeah (33010) and Opa-Locka (33037) have also seen moderate growth.
* A small number of zip codes, including 33255 and 33247, have seen relatively slow or even declining median sale prices over the past year, which could indicate market saturation or other underlying issues.
* The Miami metro area as a whole has shown robust demand, with many areas experiencing low inventory levels; however, this trend may be starting to shift in some neighborhoods, such as Hialeah (33010) and Opa-Locka (33037), where inventory is increasing."
33182,690000.0,11.3,20.0,31.0,2026-07-21T14:48:31.122972+00:00,"Here are 3-4 concise, natural language insights about pricing trends across these Miami metro zip codes:

* The median sale price in most Miami metro zip codes has increased significantly over the past year, with some areas seeing growth of over 200%, such as zip code 33128 (232.5%).
* Luxury markets like Coral Gables (33134) and Coconut Grove (33133) have seen strong price appreciation, while more affordable neighborhoods like Hialeah (33010) and Opa-Locka (33037) have also seen moderate growth.
* A small number of zip codes, including 33255 and 33247, have seen relatively slow or even declining median sale prices over the past year, which could indicate market saturation or other underlying issues.
* The Miami metro area as a whole has shown robust demand, with many areas experiencing low inventory levels; however, this trend may be starting to shift in some neighborhoods, such as Hialeah (33010) and Opa-Locka (33037), where inventory is increasing."
33183,395000.0,-4.2,64.0,123.0,2026-07-21T14:48:31.122972+00:00,"Here are 3-4 concise, natural language insights about pricing trends across these Miami metro zip codes:

* The median sale price in most Miami metro zip codes has increased significantly over the past year, with some areas seeing growth of over 200%, such as zip code 33128 (232.5%).
* Luxury markets like Coral Gables (33134) and Coconut Grove (33133) have seen strong price appreciation, while more affordable neighborhoods like Hialeah (33010) and Opa-Locka (33037) have also seen moderate growth.
* A small number of zip codes, including 33255 and 33247, have seen relatively slow or even declining median sale prices over the past year, which could indicate market saturation or other underlying issues.
* The Miami metro area as a whole has shown robust demand, with many areas experiencing low inventory levels; however, this trend may be starting to shift in some neighborhoods, such as Hialeah (33010) and Opa-Locka (33037), where inventory is increasing."
33184,610000.0,14.0,35.0,38.0,2026-07-21T14:48:31.122972+00:00,"Here are 3-4 concise, natural language insights about pricing trends across these Miami metro zip codes:

* The median sale price in most Miami metro zip codes has increased significantly over the past year, with some areas seeing growth of over 200%, such as zip code 33128 (232.5%).
* Luxury markets like Coral Gables (33134) and Coconut Grove (33133) have seen strong price appreciation, while more affordable neighborhoods like Hialeah (33010) and Opa-Locka (33037) have also seen moderate growth.
* A small number of zip codes, including 33255 and 33247, have seen relatively slow or even declining median sale prices over the past year, which could indicate market saturation or other underlying issues.
* The Miami metro area as a whole has shown robust demand, with many areas experiencing low inventory levels; however, this trend may be starting to shift in some neighborhoods, such as Hialeah (33010) and Opa-Locka (33037), where inventory is increasing."
33185,688750.0,0.3,60.0,67.0,2026-07-21T14:48:31.122972+00:00,"Here are 3-4 concise, natural language insights about pricing trends across these Miami metro zip codes:

* The median sale price in most Miami metro zip codes has increased significantly over the past year, with some areas seeing growth of over 200%, such as zip code 33128 (232.5%).
* Luxury markets like Coral Gables (33134) and Coconut Grove (33133) have seen strong price appreciation, while more affordable neighborhoods like Hialeah (33010) and Opa-Locka (33037) have also seen moderate growth.
* A small number of zip codes, including 33255 and 33247, have seen relatively slow or even declining median sale prices over the past year, which could indicate market saturation or other underlying issues.
* The Miami metro area as a whole has shown robust demand, with many areas experiencing low inventory levels; however, this trend may be starting to shift in some neighborhoods, such as Hialeah (33010) and Opa-Locka (33037), where inventory is increasing."
33186,527000.0,-11.1,158.0,199.0,2026-07-21T14:48:31.122972+00:00,"Here are 3-4 concise, natural language insights about pricing trends across these Miami metro zip codes:

* The median sale price in most Miami metro zip codes has increased significantly over the past year, with some areas seeing growth of over 200%, such as zip code 33128 (232.5%).
* Luxury markets like Coral Gables (33134) and Coconut Grove (33133) have seen strong price appreciation, while more affordable neighborhoods like Hialeah (33010) and Opa-Locka (33037) have also seen moderate growth.
* A small number of zip codes, including 33255 and 33247, have seen relatively slow or even declining median sale prices over the past year, which could indicate market saturation or other underlying issues.
* The Miami metro area as a whole has shown robust demand, with many areas experiencing low inventory levels; however, this trend may be starting to shift in some neighborhoods, such as Hialeah (33010) and Opa-Locka (33037), where inventory is increasing."
33187,752500.0,-1.0,46.0,67.0,2026-07-21T14:48:31.122972+00:00,"Here are 3-4 concise, natural language insights about pricing trends across these Miami metro zip codes:

* The median sale price in most Miami metro zip codes has increased significantly over the past year, with some areas seeing growth of over 200%, such as zip code 33128 (232.5%).
* Luxury markets like Coral Gables (33134) and Coconut Grove (33133) have seen strong price appreciation, while more affordable neighborhoods like Hialeah (33010) and Opa-Locka (33037) have also seen moderate growth.
* A small number of zip codes, including 33255 and 33247, have seen relatively slow or even declining median sale prices over the past year, which could indicate market saturation or other underlying issues.
* The Miami metro area as a whole has shown robust demand, with many areas experiencing low inventory levels; however, this trend may be starting to shift in some neighborhoods, such as Hialeah (33010) and Opa-Locka (33037), where inventory is increasing."
33189,585000.0,3.5,63.0,90.0,2026-07-21T14:48:31.122972+00:00,"Here are 3-4 concise, natural language insights about pricing trends across these Miami metro zip codes:

* The median sale price in most Miami metro zip codes has increased significantly over the past year, with some areas seeing growth of over 200%, such as zip code 33128 (232.5%).
* Luxury markets like Coral Gables (33134) and Coconut Grove (33133) have seen strong price appreciation, while more affordable neighborhoods like Hialeah (33010) and Opa-Locka (33037) have also seen moderate growth.
* A small number of zip codes, including 33255 and 33247, have seen relatively slow or even declining median sale prices over the past year, which could indicate market saturation or other underlying issues.
* The Miami metro area as a whole has shown robust demand, with many areas experiencing low inventory levels; however, this trend may be starting to shift in some neighborhoods, such as Hialeah (33010) and Opa-Locka (33037), where inventory is increasing."
33190,435000.0,-5.2,50.0,89.0,2026-07-21T14:48:31.122972+00:00,"Here are 3-4 concise, natural language insights about pricing trends across these Miami metro zip codes:

* The median sale price in most Miami metro zip codes has increased significantly over the past year, with some areas seeing growth of over 200%, such as zip code 33128 (232.5%).
* Luxury markets like Coral Gables (33134) and Coconut Grove (33133) have seen strong price appreciation, while more affordable neighborhoods like Hialeah (33010) and Opa-Locka (33037) have also seen moderate growth.
* A small number of zip codes, including 33255 and 33247, have seen relatively slow or even declining median sale prices over the past year, which could indicate market saturation or other underlying issues.
* The Miami metro area as a whole has shown robust demand, with many areas experiencing low inventory levels; however, this trend may be starting to shift in some neighborhoods, such as Hialeah (33010) and Opa-Locka (33037), where inventory is increasing."
33193,523500.0,2.6,88.0,124.0,2026-07-21T14:48:31.122972+00:00,"Here are 3-4 concise, natural language insights about pricing trends across these Miami metro zip codes:

* The median sale price in most Miami metro zip codes has increased significantly over the past year, with some areas seeing growth of over 200%, such as zip code 33128 (232.5%).
* Luxury markets like Coral Gables (33134) and Coconut Grove (33133) have seen strong price appreciation, while more affordable neighborhoods like Hialeah (33010) and Opa-Locka (33037) have also seen moderate growth.
* A small number of zip codes, including 33255 and 33247, have seen relatively slow or even declining median sale prices over the past year, which could indicate market saturation or other underlying issues.
* The Miami metro area as a whole has shown robust demand, with many areas experiencing low inventory levels; however, this trend may be starting to shift in some neighborhoods, such as Hialeah (33010) and Opa-Locka (33037), where inventory is increasing."
33194,610000.0,-5.4,8.0,13.0,2026-07-21T14:48:31.122972+00:00,"Here are 3-4 concise, natural language insights about pricing trends across these Miami metro zip codes:

* The median sale price in most Miami metro zip codes has increased significantly over the past year, with some areas seeing growth of over 200%, such as zip code 33128 (232.5%).
* Luxury markets like Coral Gables (33134) and Coconut Grove (33133) have seen strong price appreciation, while more affordable neighborhoods like Hialeah (33010) and Opa-Locka (33037) have also seen moderate growth.
* A small number of zip codes, including 33255 and 33247, have seen relatively slow or even declining median sale prices over the past year, which could indicate market saturation or other underlying issues.
* The Miami metro area as a whole has shown robust demand, with many areas experiencing low inventory levels; however, this trend may be starting to shift in some neighborhoods, such as Hialeah (33010) and Opa-Locka (33037), where inventory is increasing."
33196,605000.0,1.7,104.0,145.0,2026-07-21T14:48:31.122972+00:00,"Here are 3-4 concise, natural language insights about pricing trends across these Miami metro zip codes:

* The median sale price in most Miami metro zip codes has increased significantly over the past year, with some areas seeing growth of over 200%, such as zip code 33128 (232.5%).
* Luxury markets like Coral Gables (33134) and Coconut Grove (33133) have seen strong price appreciation, while more affordable neighborhoods like Hialeah (33010) and Opa-Locka (33037) have also seen moderate growth.
* A small number of zip codes, including 33255 and 33247, have seen relatively slow or even declining median sale prices over the past year, which could indicate market saturation or other underlying issues.
* The Miami metro area as a whole has shown robust demand, with many areas experiencing low inventory levels; however, this trend may be starting to shift in some neighborhoods, such as Hialeah (33010) and Opa-Locka (33037), where inventory is increasing."
33222,651100.0,66.9,1.0,,2026-07-21T14:48:31.122972+00:00,"Here are 3-4 concise, natural language insights about pricing trends across these Miami metro zip codes:

* The median sale price in most Miami metro zip codes has increased significantly over the past year, with some areas seeing growth of over 200%, such as zip code 33128 (232.5%).
* Luxury markets like Coral Gables (33134) and Coconut Grove (33133) have seen strong price appreciation, while more affordable neighborhoods like Hialeah (33010) and Opa-Locka (33037) have also seen moderate growth.
* A small number of zip codes, including 33255 and 33247, have seen relatively slow or even declining median sale prices over the past year, which could indicate market saturation or other underlying issues.
* The Miami metro area as a whole has shown robust demand, with many areas experiencing low inventory levels; however, this trend may be starting to shift in some neighborhoods, such as Hialeah (33010) and Opa-Locka (33037), where inventory is increasing."
33233,585000.0,0.0,2.0,,2026-07-21T14:48:31.122972+00:00,"Here are 3-4 concise, natural language insights about pricing trends across these Miami metro zip codes:

* The median sale price in most Miami metro zip codes has increased significantly over the past year, with some areas seeing growth of over 200%, such as zip code 33128 (232.5%).
* Luxury markets like Coral Gables (33134) and Coconut Grove (33133) have seen strong price appreciation, while more affordable neighborhoods like Hialeah (33010) and Opa-Locka (33037) have also seen moderate growth.
* A small number of zip codes, including 33255 and 33247, have seen relatively slow or even declining median sale prices over the past year, which could indicate market saturation or other underlying issues.
* The Miami metro area as a whole has shown robust demand, with many areas experiencing low inventory levels; however, this trend may be starting to shift in some neighborhoods, such as Hialeah (33010) and Opa-Locka (33037), where inventory is increasing."
33247,615000.0,78.3,1.0,,2026-07-21T14:48:31.122972+00:00,"Here are 3-4 concise, natural language insights about pricing trends across these Miami metro zip codes:

* The median sale price in most Miami metro zip codes has increased significantly over the past year, with some areas seeing growth of over 200%, such as zip code 33128 (232.5%).
* Luxury markets like Coral Gables (33134) and Coconut Grove (33133) have seen strong price appreciation, while more affordable neighborhoods like Hialeah (33010) and Opa-Locka (33037) have also seen moderate growth.
* A small number of zip codes, including 33255 and 33247, have seen relatively slow or even declining median sale prices over the past year, which could indicate market saturation or other underlying issues.
* The Miami metro area as a whole has shown robust demand, with many areas experiencing low inventory levels; however, this trend may be starting to shift in some neighborhoods, such as Hialeah (33010) and Opa-Locka (33037), where inventory is increasing."
33255,476100.0,94.3,1.0,,2026-07-21T14:48:31.122972+00:00,"Here are 3-4 concise, natural language insights about pricing trends across these Miami metro zip codes:

* The median sale price in most Miami metro zip codes has increased significantly over the past year, with some areas seeing growth of over 200%, such as zip code 33128 (232.5%).
* Luxury markets like Coral Gables (33134) and Coconut Grove (33133) have seen strong price appreciation, while more affordable neighborhoods like Hialeah (33010) and Opa-Locka (33037) have also seen moderate growth.
* A small number of zip codes, including 33255 and 33247, have seen relatively slow or even declining median sale prices over the past year, which could indicate market saturation or other underlying issues.
* The Miami metro area as a whole has shown robust demand, with many areas experiencing low inventory levels; however, this trend may be starting to shift in some neighborhoods, such as Hialeah (33010) and Opa-Locka (33037), where inventory is increasing."
33265,258750.0,6.9,2.0,1.0,2026-07-21T14:48:31.122972+00:00,"Here are 3-4 concise, natural language insights about pricing trends across these Miami metro zip codes:

* The median sale price in most Miami metro zip codes has increased significantly over the past year, with some areas seeing growth of over 200%, such as zip code 33128 (232.5%).
* Luxury markets like Coral Gables (33134) and Coconut Grove (33133) have seen strong price appreciation, while more affordable neighborhoods like Hialeah (33010) and Opa-Locka (33037) have also seen moderate growth.
* A small number of zip codes, including 33255 and 33247, have seen relatively slow or even declining median sale prices over the past year, which could indicate market saturation or other underlying issues.
* The Miami metro area as a whole has shown robust demand, with many areas experiencing low inventory levels; however, this trend may be starting to shift in some neighborhoods, such as Hialeah (33010) and Opa-Locka (33037), where inventory is increasing."
33283,585000.0,7.3,1.0,,2026-07-21T14:48:31.122972+00:00,"Here are 3-4 concise, natural language insights about pricing trends across these Miami metro zip codes:

* The median sale price in most Miami metro zip codes has increased significantly over the past year, with some areas seeing growth of over 200%, such as zip code 33128 (232.5%).
* Luxury markets like Coral Gables (33134) and Coconut Grove (33133) have seen strong price appreciation, while more affordable neighborhoods like Hialeah (33010) and Opa-Locka (33037) have also seen moderate growth.
* A small number of zip codes, including 33255 and 33247, have seen relatively slow or even declining median sale prices over the past year, which could indicate market saturation or other underlying issues.
* The Miami metro area as a whole has shown robust demand, with many areas experiencing low inventory levels; however, this trend may be starting to shift in some neighborhoods, such as Hialeah (33010) and Opa-Locka (33037), where inventory is increasing."
